City Name,Country Code,Latitude,Longitude,Temperature (F),Humidity,Cloudiness,Wind Speed,Date
atuona,pf,-9.8,-139.03,79.78,100.0,80.0,13.91,1521043084.0
bati,et,11.19,40.02,74.83,82.0,68.0,2.39,1521043084.0
berdigestyakh,ru,62.1,126.7,-7.7,61.0,44.0,4.63,1521043085.0
butaritari,ki,3.07,172.79,82.3,100.0,56.0,10.78,1521043085.0
baykit,ru,61.68,96.39,3.1,80.0,56.0,5.41,1521043086.0
sitka,us,37.17,-99.65,41.89,38.0,32.0,11.56,1521043086.0
mucurapo,tt,10.67,-61.53,80.6,78.0,40.0,12.75,1521039600.0
longyearbyen,sj,78.22,15.63,6.8,84.0,75.0,5.82,1521040800.0
pevek,ru,69.7,170.27,-34.25,63.0,8.0,2.84,1521043088.0
kutum,sd,14.2,24.66,85.36,15.0,0.0,7.43,1521043089.0
clyde river,ca,70.47,-68.59,-14.81,75.0,75.0,17.22,1521039600.0
mizan teferi,et,6.99,35.58,73.21,68.0,64.0,0.94,1521043090.0
airai,pw,-8.93,125.41,68.44,96.0,92.0,0.6,1521043090.0
linxia,cn,35.6,103.21,28.3,48.0,0.0,3.29,1521043091.0
chiriqui grande,pa,8.95,-82.12,75.28,91.0,48.0,3.74,1521043092.0
nikolskoye,ru,59.7,30.79,28.4,79.0,75.0,20.13,1521039600.0
san patricio,mx,-26.98,-56.83,78.34,97.0,80.0,2.17,1521043093.0
ponta do sol,cv,-20.63,-46.0,83.74,73.0,0.0,10.89,1521043093.0
sinnamary,gf,5.38,-52.96,80.32,92.0,92.0,13.58,1521042935.0
stephenville,us,32.22,-98.2,55.4,32.0,1.0,6.93,1521041700.0
campohermoso,co,36.94,-2.13,64.4,72.0,20.0,16.11,1521041400.0
kenai,us,60.55,-151.26,23.0,100.0,1.0,1.5,1521039360.0
saint-augustin,ca,44.83,-0.61,60.8,55.0,0.0,16.11,1521041400.0
aksarayskiy,ru,46.79,48.01,28.4,74.0,0.0,13.42,1521039600.0
ponta delgada,pt,37.73,-25.67,59.0,54.0,20.0,25.28,1521041400.0
arlit,ne,18.74,7.39,98.68,18.0,0.0,4.63,1521043099.0
mao,td,19.55,-71.08,86.0,69.0,20.0,13.87,1521039600.0
ilulissat,gl,69.22,-51.1,8.6,84.0,75.0,1.12,1521039000.0
qaanaaq,gl,77.48,-69.36,-9.23,98.0,44.0,3.62,1521043100.0
genhe,cn,50.78,121.52,-6.8,54.0,0.0,5.53,1521043101.0
norman wells,ca,65.28,-126.83,14.0,78.0,40.0,5.82,1521039600.0
kovylkino,ru,54.04,43.91,17.86,81.0,0.0,14.7,1521043102.0
lazaro cardenas,mx,28.39,-105.62,53.6,37.0,90.0,5.3,1521038400.0
sangmelima,cm,2.93,11.98,78.43,84.0,36.0,2.95,1521043103.0
kapaa,us,22.08,-159.32,71.6,94.0,90.0,20.8,1521040020.0
burns lake,ca,54.23,-125.76,22.36,78.0,44.0,2.06,1521043104.0
the valley,ai,18.22,-63.06,82.4,69.0,40.0,17.22,1521039600.0
chik,ru,54.99,82.44,5.0,65.0,0.0,4.47,1521039600.0
mayo,ca,63.59,-135.9,37.4,69.0,75.0,13.87,1521040800.0
kargasok,ru,59.06,80.87,11.47,71.0,12.0,7.2,1521043106.0
kodiak,us,39.95,-94.76,37.4,51.0,1.0,12.75,1521039180.0
yellowknife,ca,62.45,-114.38,15.8,85.0,20.0,5.82,1521039600.0
penhold,ca,52.13,-113.87,5.0,84.0,90.0,2.24,1521039600.0
college,us,64.86,-147.8,30.2,80.0,90.0,5.82,1521040620.0
zyryanka,ru,65.73,150.89,-21.74,32.0,44.0,2.39,1521043109.0
nizhniy odes,ru,63.64,54.86,24.25,86.0,92.0,4.18,1521043109.0
carutapera,br,-1.2,-46.02,81.04,92.0,80.0,6.98,1521043110.0
baruun-urt,mn,46.68,113.28,2.74,60.0,0.0,3.74,1521043110.0
slave lake,ca,55.28,-114.77,21.2,85.0,1.0,9.17,1521039600.0
el carrizo,mx,16.25,-98.03,81.22,59.0,0.0,3.74,1521043111.0
rapid valley,us,44.06,-103.15,48.2,45.0,1.0,2.84,1521042900.0
vardo,no,39.62,-77.74,37.4,40.0,90.0,13.87,1521042780.0
grand forks,us,47.91,-97.06,28.4,92.0,1.0,12.75,1521041700.0
saskylakh,ru,71.97,114.09,-38.75,0.0,12.0,3.06,1521043114.0
staropyshminsk,ru,56.94,60.9,28.4,46.0,80.0,17.9,1521039600.0
abha,sa,18.22,42.5,71.6,40.0,20.0,8.05,1521039600.0
lorengau,pg,-2.02,147.27,82.84,100.0,32.0,6.98,1521043115.0
dikson,ru,73.51,80.55,2.02,98.0,68.0,29.68,1521043116.0
doka,sd,13.52,35.76,94.72,18.0,0.0,5.64,1521043116.0
namatanai,pg,-3.66,152.44,81.13,100.0,48.0,7.2,1521043117.0
vila franca do campo,pt,37.72,-25.43,59.0,54.0,20.0,25.28,1521041400.0
aguimes,es,27.91,-15.45,68.0,68.0,20.0,4.7,1521041400.0
jos,ng,9.92,8.9,94.9,16.0,0.0,8.55,1521043120.0
khatanga,ru,71.98,102.47,-37.85,0.0,8.0,6.64,1521043120.0
praia da vitoria,pt,38.73,-27.07,59.0,58.0,40.0,30.02,1521039600.0
neryungri,ru,56.66,124.71,-10.85,66.0,12.0,7.09,1521043121.0
hamilton,bm,32.3,-64.78,66.2,48.0,75.0,16.11,1521039300.0
guerrero negro,mx,27.97,-114.04,60.25,96.0,92.0,8.1,1521043122.0
harper,lr,30.3,-99.24,51.8,40.0,1.0,4.41,1521042660.0
chokurdakh,ru,70.62,147.9,-28.49,46.0,44.0,9.55,1521043124.0
argentan,fr,48.74,-0.02,55.4,58.0,0.0,17.22,1521041400.0
carberry,ca,49.87,-99.36,15.8,72.0,5.0,3.36,1521039600.0
pitiquito,mx,30.68,-112.05,60.61,58.0,32.0,3.29,1521043125.0
osypenko,ua,48.04,34.39,32.0,94.0,90.0,8.95,1521041400.0
santa marta,co,11.24,-74.21,80.32,98.0,0.0,15.14,1521042831.0
smidovich,ru,48.6,133.81,20.02,88.0,88.0,2.51,1521043127.0
hovd,mn,63.83,10.7,35.6,50.0,40.0,5.82,1521040800.0
ostrovnoy,ru,68.05,39.51,9.22,83.0,64.0,15.59,1521043128.0
thompson,ca,55.74,-97.86,1.4,64.0,20.0,6.93,1521039600.0
mehran,ir,33.12,46.17,60.8,36.0,20.0,4.7,1521039600.0
pangnirtung,ca,66.15,-65.72,-4.01,76.0,75.0,10.29,1521039600.0
mora,cm,38.94,-8.17,56.65,99.0,92.0,22.64,1521043133.0
tiksi,ru,71.64,128.87,-29.03,47.0,48.0,3.85,1521043133.0
yumen,cn,40.29,97.04,45.94,50.0,32.0,17.72,1521043134.0
hasaki,jp,35.73,140.83,48.2,87.0,0.0,4.7,1521039600.0
bonthe,sl,7.53,-12.5,89.32,62.0,32.0,6.42,1521043135.0
hilo,us,19.71,-155.08,69.8,88.0,90.0,6.93,1521040620.0
puerto ayora,ec,-0.74,-90.35,82.4,78.0,40.0,6.93,1521039600.0
hamada,jp,34.9,132.08,48.37,79.0,0.0,6.76,1521043137.0
barrow,us,-38.31,-60.23,74.38,49.0,0.0,12.12,1521043138.0
buraydah,sa,26.33,43.97,87.8,23.0,0.0,2.24,1521039600.0
vanavara,ru,60.35,102.28,2.2,66.0,24.0,6.64,1521043139.0
dourbali,td,11.81,15.86,102.37,11.0,0.0,10.22,1521043140.0
mae hong son,th,19.3,97.96,69.25,72.0,0.0,1.83,1521043140.0
lumby,ca,50.25,-118.97,37.4,93.0,90.0,2.24,1521040860.0
tuktoyaktuk,ca,69.44,-133.03,14.0,84.0,90.0,10.29,1521040260.0
rensvik,no,63.1,7.82,39.2,47.0,0.0,9.17,1521040800.0
bilma,ne,18.69,12.92,96.16,16.0,0.0,4.63,1521043142.0
bethel,us,60.79,-161.76,10.4,85.0,90.0,3.36,1521039180.0
polessk,ru,54.86,21.11,33.8,80.0,40.0,15.66,1521039600.0
evreux,fr,49.02,1.15,57.2,44.0,0.0,19.46,1521041400.0
palmer,us,-34.85,139.16,59.0,72.0,0.0,8.05,1521041400.0
cherskiy,ru,68.75,161.3,-17.96,52.0,36.0,5.75,1521043147.0
torbay,ca,47.66,-52.73,32.0,92.0,90.0,18.34,1521041280.0
bandarbeyla,so,9.49,50.81,77.08,100.0,0.0,11.12,1521043149.0
smolensk,ru,54.79,32.05,35.05,96.0,92.0,9.33,1521043149.0
fortuna,us,38.18,-1.13,71.6,63.0,20.0,8.05,1521041400.0
severo-kurilsk,ru,50.68,156.12,28.21,100.0,36.0,12.8,1521043151.0
mokhsogollokh,ru,61.4,128.95,-5.27,55.0,36.0,5.19,1521043152.0
bani,do,15.89,120.27,75.82,90.0,0.0,3.62,1521043153.0
khasan,ru,42.43,130.64,26.5,100.0,56.0,2.95,1521043154.0
dokka,no,60.83,10.07,29.74,58.0,36.0,2.51,1521043155.0
okha,ru,53.59,142.95,-11.3,75.0,0.0,3.18,1521043155.0
sigli,id,5.38,95.96,79.06,94.0,0.0,3.18,1521043156.0
ponnampet,in,12.15,75.93,69.16,97.0,76.0,5.64,1521043156.0
lompoc,us,34.64,-120.46,51.8,93.0,75.0,4.7,1521042000.0
husavik,is,50.56,-96.99,21.1,87.0,0.0,12.01,1521043157.0
peleduy,ru,59.63,112.75,7.87,65.0,68.0,7.54,1521043157.0
iqaluit,ca,63.75,-68.52,-0.41,70.0,90.0,4.7,1521039600.0
llangefni,gb,53.26,-4.31,53.6,71.0,90.0,25.28,1521039000.0
darhan,mn,49.49,105.92,-4.28,60.0,0.0,3.18,1521043159.0
lashio,mm,22.93,97.75,61.96,80.0,0.0,1.72,1521043160.0
jumla,np,29.28,82.18,31.9,79.0,92.0,1.72,1521043160.0
abu dhabi,ae,24.47,54.37,75.2,50.0,0.0,12.75,1521039600.0
ahuimanu,us,21.44,-157.84,73.4,88.0,90.0,10.29,1521041340.0
saint george,bm,39.45,22.34,62.6,42.0,40.0,9.17,1521040800.0
naze,jp,5.43,7.07,93.2,56.0,40.0,3.36,1521039600.0
makurdi,ng,7.73,8.54,100.39,34.0,0.0,4.41,1521043165.0
ojhar,in,20.09,73.93,76.54,21.0,20.0,7.76,1521043165.0
klaksvik,fo,62.23,-6.59,41.0,75.0,88.0,27.51,1521040800.0
ternate,id,14.29,120.72,78.8,69.0,20.0,6.93,1521039600.0
nenjiang,cn,49.17,125.23,10.39,66.0,0.0,11.23,1521043167.0
aykhal,ru,65.95,111.51,-18.41,25.0,32.0,4.07,1521043168.0
ribeira grande,pt,38.52,-28.7,59.0,54.0,40.0,18.34,1521041400.0
tasiilaq,gl,65.61,-37.64,17.6,48.0,20.0,1.12,1521039000.0
yar-sale,ru,66.83,70.83,-8.87,82.0,32.0,17.16,1521043169.0
barstow,us,31.46,-103.39,57.2,33.0,1.0,20.8,1521042780.0
orbetello,it,42.44,11.21,59.0,51.0,20.0,12.75,1521039300.0
nome,us,30.04,-94.42,62.6,42.0,1.0,6.93,1521041700.0
upernavik,gl,72.79,-56.15,2.92,100.0,56.0,5.75,1521043171.0
komsomolskiy,ru,67.55,63.78,-19.22,55.0,0.0,8.99,1521043172.0
ranghulu,cn,46.63,124.88,19.66,76.0,56.0,18.61,1521043172.0
nakamura,jp,35.17,136.87,50.0,87.0,0.0,4.7,1521039600.0
sao gabriel da cachoeira,br,-0.13,-67.09,86.98,70.0,0.0,4.07,1521043174.0
novikovo,ru,45.05,34.56,51.7,80.0,24.0,10.56,1521043174.0
kadhan,pk,24.48,68.99,83.38,25.0,0.0,14.81,1521043175.0
hakkari,tr,61.34,23.75,21.2,79.0,75.0,10.29,1521040800.0
fairbanks,us,64.84,-147.72,30.2,80.0,90.0,5.82,1521040620.0
minbu,mm,20.18,94.88,80.5,45.0,32.0,8.21,1521043176.0
hansi,in,29.11,75.96,74.47,44.0,0.0,3.96,1521043176.0
provideniya,ru,64.42,-173.23,1.75,100.0,24.0,10.11,1521043177.0
georgetown,gy,6.8,-58.16,86.0,58.0,75.0,11.41,1521039600.0
rio blanco,ni,-16.34,-67.55,50.0,71.0,75.0,2.24,1521039600.0
deputatskiy,ru,69.3,139.9,-29.03,44.0,48.0,2.73,1521043181.0
tura,ru,25.52,90.21,69.79,83.0,88.0,2.06,1521043181.0
dingle,ie,11.0,122.67,76.09,81.0,0.0,10.67,1521043182.0
matveyevka,ru,45.75,33.81,49.54,91.0,80.0,13.13,1521043182.0
colchester,ca,51.89,0.9,53.6,58.0,0.0,16.11,1521040800.0
that phanom,th,16.94,104.73,71.32,87.0,92.0,4.41,1521043183.0
muros,es,42.77,-9.06,51.8,76.0,75.0,16.11,1521041400.0
orlovskiy,ru,46.87,42.05,38.92,85.0,48.0,16.71,1521043184.0
hofn,is,64.25,-15.21,41.0,75.0,90.0,21.92,1521039600.0
kaiyuan,cn,42.54,124.04,32.62,100.0,92.0,12.12,1521043186.0
north branch,us,45.51,-92.98,33.8,79.0,1.0,4.7,1521041700.0
kahului,us,20.89,-156.47,68.0,94.0,90.0,7.31,1521039360.0
jiuquan,cn,39.73,98.49,34.6,78.0,8.0,7.09,1521043188.0
cabo san lucas,mx,22.89,-109.91,68.0,49.0,5.0,3.96,1521038460.0
nishihara,jp,35.74,139.53,55.4,58.0,1.0,3.36,1521039600.0
pokhara,np,28.21,83.99,50.35,79.0,0.0,3.18,1521043189.0
kijang,id,35.24,129.21,55.4,87.0,40.0,2.24,1521039600.0
shiyan,cn,32.65,110.78,53.23,97.0,12.0,3.29,1521043190.0
krasnokamensk,ru,50.1,118.04,0.13,60.0,0.0,4.85,1521043190.0
zirandaro,mx,18.45,-100.98,75.73,37.0,0.0,2.84,1521043191.0
hambantota,lk,6.12,81.12,80.95,100.0,8.0,7.2,1521043192.0
creston,ca,41.06,-94.36,42.8,44.0,1.0,16.11,1521041700.0
gat,ly,14.69,-16.54,107.6,18.0,0.0,4.74,1521039600.0
bintulu,my,3.17,113.03,78.8,94.0,75.0,2.62,1521039600.0
tilichiki,ru,60.47,166.1,-30.2,0.0,0.0,3.18,1521043194.0
saint-malo,fr,48.65,-2.02,59.0,62.0,0.0,20.8,1521041400.0
leningradskiy,ru,69.38,178.42,-18.32,100.0,64.0,5.75,1521043196.0
adrar,dz,27.87,-0.29,91.4,22.0,0.0,5.82,1521039600.0
sarakhs,ir,36.54,61.16,57.2,58.0,92.0,4.7,1521039600.0
brooks,ca,50.57,-111.89,12.46,67.0,12.0,3.06,1521043199.0
paamiut,gl,61.99,-49.67,25.42,100.0,88.0,3.74,1521043199.0
moroto,ug,2.53,34.66,70.06,92.0,44.0,4.85,1521043200.0
kamenka,ru,53.19,44.05,16.87,84.0,0.0,14.47,1521043203.0
harstad,no,68.8,16.53,30.2,63.0,40.0,3.36,1521040800.0
makaha,us,21.47,-158.22,73.4,88.0,90.0,10.29,1521041340.0
redmond,us,47.67,-122.12,46.4,93.0,90.0,11.41,1521040680.0
casper,us,42.87,-106.31,39.2,60.0,1.0,4.7,1521042780.0
predivinsk,ru,57.07,93.44,-2.3,59.0,0.0,3.29,1521043220.0
salumbar,in,24.14,74.05,76.27,30.0,0.0,7.31,1521043221.0
ust-nera,ru,64.57,143.24,-39.02,0.0,0.0,1.72,1521043222.0
labytnangi,ru,66.66,66.39,-10.94,73.0,32.0,10.45,1521043227.0
alakurtti,ru,66.96,30.34,19.75,56.0,64.0,7.54,1521043229.0
gravdal,no,59.79,5.78,39.2,51.0,75.0,10.29,1521040800.0
kunya,ru,12.22,8.53,100.4,8.0,0.0,6.93,1521039600.0
sohag,eg,26.55,31.7,83.56,28.0,0.0,5.97,1521043232.0
gondar,et,41.82,-8.78,59.0,76.0,75.0,18.34,1521041400.0
lavrentiya,ru,65.58,-170.99,-2.48,100.0,20.0,6.42,1521043234.0
toora-khem,ru,52.47,96.11,0.31,64.0,0.0,2.28,1521043237.0
kautokeino,no,69.01,23.04,14.35,70.0,0.0,5.41,1521043238.0
aklavik,ca,68.22,-135.01,6.8,84.0,75.0,3.36,1521039600.0
nouadhibou,mr,20.93,-17.03,85.09,35.0,68.0,6.2,1521043240.0
valdobbiadene,it,45.9,12.0,59.0,71.0,40.0,5.82,1521040800.0
tabuk,sa,17.41,121.44,63.58,93.0,48.0,1.61,1521043242.0
izumo,jp,35.37,132.75,48.2,81.0,20.0,6.93,1521039600.0
okhotsk,ru,59.36,143.24,-5.45,100.0,0.0,2.73,1521043244.0
beysehir,tr,37.68,31.72,46.48,69.0,20.0,7.99,1521043244.0
biak,id,-0.91,122.88,79.69,97.0,80.0,2.28,1521043245.0
itarema,br,-2.92,-39.92,83.65,88.0,80.0,10.45,1521043245.0
myitkyina,mm,25.38,97.4,64.57,84.0,0.0,1.95,1521043246.0
klyuchi,ru,52.25,79.17,13.0,89.0,68.0,3.51,1521043247.0
muli,mv,22.62,71.45,81.85,30.0,0.0,11.56,1521043247.0
teguise,es,29.06,-13.56,69.8,73.0,20.0,2.24,1521041400.0
pochutla,mx,15.74,-96.47,84.2,100.0,20.0,1.95,1521038580.0
dieppe,fr,49.92,1.08,55.4,50.0,0.0,18.34,1521041400.0
kolokani,ml,13.58,-8.03,102.46,14.0,8.0,13.47,1521043249.0
seoul,kr,37.57,126.98,59.0,71.0,75.0,11.41,1521041400.0
katra,in,32.99,74.93,52.51,87.0,76.0,2.28,1521043250.0
chapais,ca,49.78,-74.86,30.2,63.0,90.0,12.75,1521039600.0
tupik,ru,54.43,119.94,-0.05,40.0,0.0,4.85,1521043251.0
krasnovka,ru,48.37,40.26,33.97,95.0,92.0,17.83,1521043252.0
tessalit,ml,20.2,1.01,95.62,19.0,0.0,8.21,1521043253.0
tomelloso,es,39.16,-3.02,54.76,82.0,88.0,26.78,1521043253.0
bathsheba,bb,13.22,-59.52,84.2,62.0,20.0,25.28,1521039600.0
phangnga,th,8.45,98.53,78.8,83.0,20.0,2.62,1521041400.0
west lake stevens,us,48.0,-122.1,48.2,93.0,90.0,3.36,1521042960.0
killybegs,ie,54.63,-8.45,48.55,90.0,92.0,27.56,1521043256.0
tianmen,cn,30.65,113.16,61.78,96.0,76.0,4.85,1521043257.0
athabasca,ca,54.72,-113.29,13.99,69.0,0.0,9.89,1521042984.0
hornepayne,ca,49.22,-84.78,20.65,66.0,68.0,4.97,1521043258.0
batsfjord,no,70.63,29.72,21.2,85.0,40.0,5.82,1521039000.0
olden,no,61.84,6.81,37.4,43.0,0.0,2.24,1521040800.0
telde,es,27.99,-15.42,68.0,68.0,20.0,4.7,1521041400.0
qaqortoq,gl,60.72,-46.03,24.8,49.0,75.0,4.7,1521039000.0
parangan,ph,5.08,119.94,84.37,100.0,0.0,7.09,1521043261.0
tezu,in,27.93,96.16,55.12,79.0,12.0,1.61,1521043261.0
san quintin,mx,17.54,120.52,75.2,83.0,40.0,2.24,1521039600.0
kosa,ru,59.94,54.99,27.22,83.0,80.0,17.16,1521043268.0
nanortalik,gl,60.14,-45.24,27.58,100.0,24.0,16.82,1521043270.0
santa cruz,cr,36.97,-122.03,51.8,87.0,1.0,2.84,1521041700.0
codrington,ag,-28.95,153.24,69.16,76.0,88.0,5.53,1521043275.0
hongjiang,cn,27.21,109.83,58.63,92.0,24.0,4.41,1521043276.0
meadow lake,ca,54.13,-108.44,19.4,92.0,20.0,10.29,1521039600.0
duminichi,ru,53.93,35.11,28.48,93.0,92.0,10.22,1521043277.0
wanxian,cn,30.8,108.39,49.36,94.0,0.0,1.61,1521043278.0
chifeng,cn,42.27,118.96,29.2,74.0,80.0,14.7,1521043278.0
bar harbor,us,44.39,-68.2,33.8,100.0,90.0,8.05,1521041640.0
danilovka,ru,50.35,44.12,21.19,83.0,0.0,14.7,1521043281.0
matara,lk,-13.74,-72.9,50.0,71.0,90.0,2.39,1521039600.0
narsaq,gl,60.91,-46.05,24.8,49.0,75.0,4.7,1521039000.0
mandalgovi,mn,45.76,106.27,16.06,68.0,0.0,9.1,1521043283.0
kudahuvadhoo,mv,2.67,72.89,83.65,100.0,56.0,11.68,1521043283.0
lagoa,pt,37.14,-8.45,62.6,88.0,75.0,24.16,1521041400.0
shimoda,jp,34.7,138.93,59.98,100.0,0.0,18.5,1521043285.0
nemuro,jp,43.32,145.57,29.2,100.0,68.0,7.09,1521043285.0
thinadhoo,mv,0.53,72.93,84.01,100.0,0.0,9.44,1521043286.0
burla,ru,53.34,78.33,1.93,59.0,12.0,4.41,1521043287.0
constitucion,mx,23.99,-104.67,53.59,52.0,0.0,3.96,1521043287.0
east brainerd,us,35.0,-85.15,37.4,47.0,1.0,13.87,1521041700.0
muhos,fi,64.81,26.0,21.2,67.0,0.0,9.17,1521040800.0
istok,ru,52.66,23.48,47.65,89.0,80.0,9.22,1521043289.0
bumba,cd,2.18,22.47,87.61,56.0,32.0,2.28,1521043290.0
namtsy,ru,62.72,129.66,-8.42,65.0,48.0,6.2,1521043291.0
south lake tahoe,us,38.93,-119.98,39.2,92.0,90.0,6.87,1521042600.0
dire,ml,9.18,38.92,69.8,49.0,75.0,11.41,1521039600.0
yamada,jp,36.58,137.08,46.4,81.0,0.0,3.36,1521039600.0
batagay-alyta,ru,67.8,130.41,-25.7,36.0,44.0,2.73,1521043293.0
diu,in,20.71,70.98,80.05,26.0,0.0,10.67,1521043294.0
sundargarh,in,22.12,84.04,76.18,54.0,0.0,1.83,1521043016.0
abu samrah,qa,35.3,37.18,64.57,38.0,8.0,14.47,1521043295.0
shagonar,ru,51.54,92.92,0.76,65.0,32.0,2.17,1521043296.0
uray,ru,60.13,64.8,25.33,80.0,68.0,8.99,1521043296.0
vostok,ru,46.45,135.83,25.06,80.0,92.0,5.41,1521043297.0
elizabeth city,us,36.3,-76.22,42.8,48.0,40.0,10.29,1521042660.0
panama city,us,30.16,-85.65,53.6,34.0,1.0,13.87,1521039360.0
atar,mr,20.52,-13.05,96.8,13.0,0.0,8.21,1521039600.0
salina cruz,mx,16.18,-95.2,79.78,58.0,0.0,15.03,1521043299.0
wakkanai,jp,45.41,141.67,31.45,100.0,92.0,14.03,1521043300.0
tarakan,id,3.3,117.63,81.76,97.0,20.0,5.08,1521043301.0
timra,se,62.49,17.33,26.6,58.0,40.0,5.82,1521040800.0
banikoara,bj,11.3,2.44,101.38,36.0,24.0,4.74,1521043302.0
newport,us,51.59,-3.0,53.6,71.0,68.0,19.46,1521040800.0
georgetown,sh,6.8,-58.16,86.0,58.0,75.0,11.41,1521039600.0
madarounfa,ne,13.3,7.16,104.0,13.0,0.0,6.42,1521039600.0
osoyoos,ca,49.03,-119.47,41.0,100.0,90.0,2.17,1521042780.0
la ronge,ca,55.1,-105.3,12.2,78.0,5.0,10.29,1521039600.0
cotonou,bj,6.37,2.43,89.6,70.0,20.0,16.11,1521039600.0
beringovskiy,ru,63.05,179.32,2.38,100.0,44.0,21.07,1521043307.0
tashtyp,ru,52.8,89.89,1.84,65.0,44.0,2.51,1521043307.0
puerto madero,mx,-34.61,-58.36,82.4,64.0,0.0,8.05,1521039600.0
touros,br,-5.2,-35.46,85.9,76.0,20.0,13.8,1521043242.0
san rafael,ph,-34.61,-68.33,77.53,15.0,0.0,6.08,1521043190.0
sorsk,ru,54.0,90.25,-9.95,63.0,0.0,2.62,1521043311.0
morant bay,jm,17.88,-76.41,84.2,74.0,20.0,9.17,1521039600.0
chumikan,ru,54.72,135.31,4.54,61.0,64.0,5.41,1521043312.0
talas,tr,38.69,35.55,50.0,66.0,75.0,1.39,1521040800.0
kerouane,gn,12.23,-12.34,102.2,29.0,0.0,11.41,1521039600.0
puerto del rosario,es,28.5,-13.86,69.8,72.0,20.0,9.17,1521041400.0
saskatoon,ca,52.13,-106.66,6.8,84.0,5.0,5.82,1521039600.0
paluan,ph,13.42,120.46,75.28,100.0,0.0,5.3,1521043315.0
fourmies,fr,50.02,4.05,53.6,43.0,20.0,14.99,1521041100.0
kondinskoye,ru,59.65,67.41,20.65,86.0,64.0,8.1,1521043316.0
niono,ml,14.25,-5.99,105.25,15.0,8.0,13.13,1521043316.0
kuching,my,1.56,110.34,80.6,88.0,75.0,2.24,1521041400.0
vagur,fo,61.47,-6.81,43.78,100.0,88.0,33.15,1521043317.0
sete,fr,27.58,86.44,39.55,97.0,0.0,0.94,1521043318.0
harbour breton,ca,47.48,-55.8,35.95,95.0,92.0,38.07,1521043318.0
durusu,tr,37.53,40.83,66.2,55.0,75.0,6.93,1521043200.0
cayenne,gf,4.94,-52.33,86.0,62.0,90.0,16.11,1521041400.0
moron,cu,10.49,-68.2,84.2,48.0,0.0,4.7,1521039600.0
ciocanesti,ro,44.6,25.85,60.8,51.0,20.0,4.7,1521041400.0
igarka,ru,67.47,86.57,11.02,78.0,76.0,14.81,1521043321.0
asyut,eg,27.18,31.19,80.6,44.0,0.0,9.17,1521039600.0
taoudenni,ml,22.68,-3.98,96.61,16.0,0.0,4.63,1521043323.0
zhangye,cn,38.94,100.46,38.56,77.0,20.0,2.28,1521043324.0
acapulco,mx,16.86,-99.88,78.8,74.0,20.0,4.41,1521038880.0
ilanskiy,ru,56.24,96.06,-9.14,66.0,0.0,3.29,1521043326.0
tongzi,cn,28.78,105.09,60.61,76.0,0.0,6.08,1521043327.0
derzhavinsk,kz,51.1,66.31,10.93,96.0,8.0,4.97,1521043327.0
alghero,it,40.56,8.32,59.0,72.0,20.0,11.41,1521040800.0
tomari,ru,47.76,142.06,18.4,85.0,68.0,5.08,1521043329.0
xichang,cn,27.88,102.25,42.16,99.0,92.0,1.16,1521043330.0
grindavik,is,63.84,-22.43,42.8,86.0,90.0,11.41,1521041400.0
terrace,ca,54.52,-128.61,35.6,93.0,75.0,10.29,1521039840.0
san pedro,bz,-33.68,-59.66,85.99,45.0,0.0,6.42,1521043334.0
srednekolymsk,ru,67.46,153.71,-23.27,34.0,48.0,2.84,1521043335.0
pierre,us,44.37,-100.35,35.6,74.0,1.0,4.41,1521039180.0
tateyama,jp,36.66,137.31,33.88,70.0,0.0,1.95,1521043336.0
sur,om,22.57,59.53,74.56,95.0,0.0,7.2,1521043337.0
pudozh,ru,61.81,36.54,34.15,100.0,92.0,13.02,1521043337.0
khandagayty,ru,50.73,92.07,7.33,71.0,68.0,2.39,1521043338.0
icod de los vinos,es,28.37,-16.71,69.8,72.0,20.0,14.99,1521041400.0
tangshan,cn,39.63,118.17,55.75,88.0,88.0,7.43,1521043340.0
nakskov,dk,54.84,11.13,37.03,96.0,44.0,5.3,1521043192.0
bull savanna,jm,17.89,-77.59,79.51,69.0,80.0,2.62,1521043341.0
venice,us,27.1,-82.45,64.4,39.0,1.0,13.87,1521041700.0
smithers,ca,54.78,-127.17,32.0,93.0,90.0,3.36,1521039600.0
sattahip,th,12.67,100.9,82.4,74.0,20.0,9.17,1521041400.0
vestmannaeyjar,is,63.44,-20.27,42.8,93.0,75.0,31.09,1521040320.0
xiaoshi,cn,30.59,116.63,59.26,97.0,76.0,2.17,1521043344.0
san felipe,ph,-32.75,-70.73,68.0,30.0,0.0,6.93,1521039600.0
yabrud,sy,33.97,36.66,64.4,34.0,0.0,18.34,1521043200.0
anadyr,ru,64.73,177.51,-2.21,77.0,90.0,4.47,1521039600.0
puerto leguizamo,co,-0.19,-74.78,83.83,78.0,48.0,2.17,1521043346.0
fairview,ca,40.81,-74.0,39.2,44.0,20.0,8.05,1521044100.0
lasa,cn,34.92,32.53,64.4,72.0,20.0,10.29,1521041400.0
kuala terengganu,my,5.33,103.14,82.4,78.0,75.0,1.12,1521039600.0
lixourion,gr,38.2,20.43,60.8,72.0,40.0,5.82,1521039000.0
kurara,in,25.98,79.99,84.01,25.0,0.0,9.44,1521043352.0
ketchikan,us,55.34,-131.65,48.2,87.0,75.0,3.36,1521039360.0
olbia,it,40.92,9.49,60.34,62.0,0.0,6.2,1521043353.0
urusha,ru,54.05,122.9,-1.76,56.0,0.0,2.62,1521043353.0
solenzo,bf,12.18,-4.08,102.28,28.0,48.0,4.74,1521043354.0
jiwani,pk,25.05,61.74,78.43,72.0,0.0,11.01,1521043354.0
victoria,sc,5.28,115.24,78.8,94.0,75.0,2.24,1521041400.0
ellsworth,us,44.54,-68.42,33.8,100.0,90.0,8.05,1521041640.0
sveti nikole,mk,41.86,21.94,59.0,47.0,20.0,4.7,1521041400.0
pandan,ph,11.72,122.09,79.96,100.0,92.0,16.15,1521043360.0
mae ramat,th,16.98,98.52,73.12,61.0,0.0,2.17,1521043360.0
nguru,ng,12.88,10.45,101.83,14.0,0.0,8.88,1521043361.0
bani walid,ly,31.76,14.0,76.72,25.0,0.0,4.52,1521043361.0
talnakh,ru,69.49,88.39,2.56,85.0,68.0,22.19,1521043362.0
pahrump,us,36.21,-115.98,60.8,54.0,1.0,3.36,1521039480.0
touba,ci,14.86,-15.88,107.6,18.0,0.0,12.01,1521039600.0
balatonalmadi,hu,47.04,18.02,51.8,53.0,20.0,16.11,1521040500.0
upala,cr,10.9,-85.02,87.8,52.0,0.0,4.7,1521039600.0
tiruchchendur,in,8.48,78.12,79.06,92.0,24.0,4.18,1521043365.0
champerico,gt,16.38,-93.6,78.8,61.0,75.0,9.17,1521039360.0
havoysund,no,71.0,24.66,19.4,85.0,40.0,5.82,1521040800.0
sao filipe,cv,14.9,-24.5,74.74,82.0,0.0,17.49,1521043366.0
bochil,mx,17.0,-92.89,78.8,61.0,75.0,9.17,1521039360.0
sabaudia,it,41.3,13.03,60.8,51.0,20.0,9.17,1521040800.0
kahone,sn,14.16,-16.04,107.6,30.0,0.0,6.93,1521039600.0
omsukchan,ru,62.53,155.8,-40.37,0.0,8.0,2.62,1521043369.0
kopervik,no,59.28,5.31,41.0,55.0,75.0,11.41,1521040800.0
abnub,eg,27.27,31.15,80.6,44.0,0.0,9.17,1521039600.0
strezhevoy,ru,60.73,77.6,19.4,79.0,90.0,22.37,1521039600.0
monclova,mx,26.9,-101.42,60.8,48.0,40.0,0.83,1521038520.0
dingzhou,cn,38.51,115.0,53.6,76.0,0.0,6.71,1521039600.0
homer,us,59.64,-151.54,32.0,92.0,75.0,3.36,1521039180.0
bahia honda,cu,22.9,-83.16,71.68,70.0,20.0,9.55,1521043374.0
ziro,in,27.54,93.82,51.79,99.0,64.0,1.5,1521043374.0
elk point,ca,53.9,-110.9,26.6,68.0,20.0,2.24,1521039600.0
cabra,ph,37.47,-4.43,62.6,77.0,40.0,24.16,1521041400.0
novaya malykla,ru,54.21,49.93,14.17,74.0,0.0,13.02,1521043376.0
port hardy,ca,50.7,-127.42,42.8,81.0,75.0,5.82,1521039600.0
alexandria,eg,31.31,-92.44,55.4,47.0,1.0,3.36,1521041700.0
bandar-e lengeh,ir,26.56,54.88,73.4,73.0,0.0,13.87,1521039600.0
cockburn town,tc,21.46,-71.14,78.16,97.0,0.0,10.22,1521043188.0
russkiy,ru,44.21,40.02,51.52,63.0,12.0,2.17,1521043380.0
nemyriv,ua,50.1,23.44,46.4,70.0,75.0,4.47,1521041400.0
palu,id,-0.9,119.87,65.56,96.0,64.0,1.72,1521043382.0
hobyo,so,5.35,48.53,80.77,73.0,8.0,11.68,1521043383.0
gornopravdinsk,ru,60.06,69.92,18.31,75.0,88.0,10.0,1521043384.0
caramay,ph,10.18,119.24,80.86,100.0,0.0,12.8,1521043385.0
alpena,us,45.06,-83.43,28.4,68.0,90.0,10.29,1521041700.0
tazovskiy,ru,67.47,78.7,13.72,86.0,76.0,11.45,1521043386.0
zabaykalsk,ru,49.64,117.33,5.98,46.0,0.0,6.87,1521043387.0
nantucket,us,41.28,-70.1,37.4,64.0,8.0,34.45,1521041700.0
ionia,us,42.99,-85.07,32.0,76.0,1.0,12.75,1521042000.0
kamaishi,jp,39.28,141.86,41.62,80.0,0.0,3.29,1521043390.0
panaba,mx,21.28,-88.27,74.56,64.0,68.0,6.42,1521043364.0
weligama,lk,5.97,80.42,79.87,97.0,8.0,8.99,1521043392.0
brigantine,us,39.41,-74.36,37.4,47.0,1.0,17.22,1521039600.0
the pas,ca,53.82,-101.24,14.0,66.0,20.0,5.82,1521039600.0
sakaiminato,jp,35.55,133.23,48.2,81.0,20.0,6.93,1521039600.0
bereznik,ru,62.86,42.71,38.56,100.0,92.0,5.3,1521043395.0
landau,de,51.34,9.08,46.4,60.0,40.0,4.7,1521040800.0
coos bay,us,43.37,-124.22,41.0,100.0,40.0,10.29,1521042120.0
moses lake,us,47.13,-119.28,44.6,93.0,90.0,6.93,1521042780.0
mogok,mm,22.92,96.51,59.35,81.0,0.0,1.61,1521043397.0
suoyarvi,ru,62.08,32.35,26.68,75.0,88.0,8.21,1521043397.0
albanel,ca,48.88,-72.44,28.4,92.0,90.0,8.05,1521040440.0
fort nelson,ca,58.81,-122.69,24.8,79.0,40.0,3.36,1521039600.0
lakselv,no,70.05,24.96,19.4,78.0,0.0,3.36,1521040800.0
berlevag,no,70.86,29.09,21.2,85.0,75.0,6.93,1521039000.0
chernyshevskiy,ru,63.01,112.47,-5.18,67.0,48.0,4.85,1521043401.0
troianul,ro,44.0,25.02,56.02,75.0,64.0,10.33,1521043401.0
saint-pierre,pm,48.95,4.24,55.4,58.0,0.0,18.34,1521041400.0
cananea,mx,30.98,-110.3,59.0,41.0,1.0,1.12,1521039480.0
emirdag,tr,39.02,31.15,49.0,66.0,56.0,8.77,1521043405.0
dunmore town,bs,25.5,-76.65,68.98,100.0,48.0,8.43,1521043405.0
betlitsa,ru,54.01,33.96,30.19,95.0,92.0,9.1,1521043406.0
woodward,us,36.43,-99.39,51.8,23.0,1.0,20.8,1521041700.0
rypefjord,no,70.63,23.67,19.4,85.0,40.0,5.82,1521040800.0
guantanamo,cu,-16.14,-62.05,78.8,78.0,90.0,13.87,1521039600.0
erzin,ru,36.95,36.2,66.2,63.0,40.0,11.41,1521040800.0
dicabisagan,ph,17.08,122.42,73.84,100.0,88.0,8.21,1521043410.0
charlottetown,ca,46.23,-63.13,33.8,100.0,90.0,12.75,1521040200.0
burgeo,ca,47.61,-57.61,35.32,90.0,92.0,46.91,1521043411.0
motygino,ru,58.18,94.69,2.65,66.0,32.0,4.74,1521043411.0
meulaboh,id,4.14,96.13,79.78,100.0,56.0,2.95,1521043412.0
gorontalo,id,0.54,123.06,72.76,94.0,36.0,1.95,1521043409.0
yaan,cn,7.38,8.57,100.3,37.0,0.0,4.63,1521043414.0
kanniyakumari,in,8.08,77.57,81.31,100.0,20.0,10.45,1521043415.0
skelleftea,se,64.75,20.95,23.0,57.0,40.0,9.17,1521040800.0
belaya gora,ru,68.54,146.19,-30.2,0.0,48.0,3.06,1521043416.0
arona,es,45.76,8.56,64.4,73.0,0.0,8.05,1521040800.0
foz,es,43.57,-7.26,53.32,94.0,80.0,24.32,1521043417.0
starosubkhangulovo,ru,53.1,57.43,12.28,70.0,12.0,5.3,1521043418.0
ust-koksa,ru,50.27,85.62,20.2,83.0,76.0,1.95,1521043418.0
los llanos de aridane,es,28.66,-17.92,69.8,64.0,40.0,5.82,1521041400.0
riverton,us,43.02,-108.38,37.4,47.0,1.0,0.94,1521042900.0
tourlaville,fr,49.64,-1.57,53.6,66.0,0.0,18.34,1521041400.0
sept-iles,ca,50.2,-66.38,35.6,43.0,90.0,17.22,1521039600.0
port blair,in,11.67,92.75,84.01,100.0,0.0,5.97,1521043422.0
goure,ne,13.98,10.27,101.38,11.0,0.0,7.2,1521043422.0
wagar,sd,31.44,-87.99,52.6,42.0,0.0,3.62,1521043423.0
wrexham,gb,53.05,-2.99,53.6,66.0,20.0,19.46,1521040800.0
ati,td,13.21,18.34,101.2,12.0,0.0,5.75,1521043423.0
kagadi,ug,0.95,30.8,83.38,72.0,8.0,4.18,1521043424.0
shumskiy,ru,54.83,99.13,1.12,66.0,0.0,2.39,1521043425.0
aswan,eg,24.09,32.9,89.6,8.0,0.0,6.93,1521039600.0
maloy,no,1.0,118.1,76.0,90.0,56.0,1.95,1521043426.0
ponta do sol,pt,-20.63,-46.0,83.74,73.0,0.0,10.89,1521043427.0
fereydunshahr,ir,32.94,50.12,43.87,23.0,12.0,3.29,1521043427.0
diest,be,50.98,5.05,55.4,54.0,20.0,10.29,1521041400.0
belyy,ru,55.83,32.94,35.23,95.0,92.0,13.24,1521043428.0
westport,ie,53.8,-9.52,46.4,93.0,90.0,29.97,1521041400.0
oussouye,sn,12.49,-16.54,102.2,65.0,0.0,6.93,1521039600.0
kholtoson,ru,50.3,103.31,-4.28,57.0,0.0,3.62,1521043430.0
fukue,jp,35.03,136.69,50.0,87.0,0.0,4.7,1521039600.0
lawrenceburg,us,35.24,-87.33,39.2,44.0,1.0,8.05,1521041700.0
pacific grove,us,36.62,-121.92,50.0,87.0,1.0,3.51,1521041700.0
dzhebariki-khaya,ru,62.22,135.8,-9.5,67.0,56.0,3.62,1521043432.0
visnes,no,59.36,5.22,41.0,55.0,75.0,11.41,1521040800.0
puerto escondido,mx,15.86,-97.07,80.6,61.0,5.0,3.74,1521038460.0
prince rupert,ca,54.32,-130.32,41.0,93.0,1.0,9.17,1521039600.0
aksaray,tr,38.37,34.03,53.6,58.0,40.0,3.36,1521040800.0
macapa,br,0.05,-51.07,89.6,62.0,75.0,13.87,1521039600.0
yuli,tw,10.52,9.86,100.03,15.0,0.0,7.99,1521043435.0
grand-santi,gf,4.27,-54.38,83.02,68.0,64.0,4.07,1521043436.0
indianola,us,40.24,-100.42,37.4,47.0,1.0,4.7,1521039180.0
rochegda,ru,62.67,43.41,38.29,98.0,92.0,9.1,1521043437.0
abu kamal,sy,34.45,40.92,77.8,17.0,0.0,7.2,1521043438.0
duku,ng,11.24,4.91,103.0,25.0,0.0,4.63,1521043438.0
clervaux,lu,50.05,6.03,50.0,93.0,8.0,5.82,1521041100.0
moose factory,ca,51.26,-80.61,8.6,92.0,1.0,2.24,1521039600.0
ciudad bolivar,ve,8.12,-63.55,89.14,47.0,0.0,16.26,1521043440.0
bida,ng,9.08,6.02,99.13,43.0,0.0,4.85,1521043441.0
zhigansk,ru,66.77,123.37,-18.32,54.0,24.0,4.18,1521043441.0
mahasamund,in,21.11,82.1,80.68,53.0,12.0,2.73,1521043442.0
bushehr,ir,28.97,50.84,71.6,56.0,0.0,9.17,1521041400.0
inuvik,ca,68.36,-133.71,14.0,77.0,75.0,2.95,1521039600.0
teya,ru,21.05,-89.07,75.64,63.0,32.0,5.64,1521043443.0
kiruna,se,67.86,20.23,15.8,61.0,0.0,5.82,1521040800.0
dickinson,us,46.88,-102.79,33.8,69.0,1.0,3.06,1521039360.0
naifaru,mv,5.44,73.37,83.29,100.0,88.0,12.46,1521043445.0
evensk,ru,61.92,159.24,-12.47,100.0,0.0,5.64,1521043198.0
yondo,co,7.01,-73.91,77.08,96.0,80.0,1.16,1521043446.0
arman,ru,59.7,150.17,-29.21,73.0,0.0,3.18,1521039600.0
jeremie,ht,18.65,-74.12,82.03,79.0,0.0,3.29,1521043447.0
tigil,ru,57.8,158.67,-4.55,66.0,12.0,5.41,1521043448.0
jaleswar,in,21.8,87.22,78.43,82.0,0.0,9.33,1521043449.0
petropavlovsk-kamchatskiy,ru,53.05,158.65,23.0,67.0,90.0,13.42,1521039600.0
riyadh,sa,24.63,46.72,82.4,15.0,20.0,6.93,1521039600.0
akcakoca,tr,41.09,31.12,50.08,77.0,92.0,2.17,1521043451.0
mahibadhoo,mv,3.78,72.97,83.02,100.0,92.0,10.89,1521043451.0
port-gentil,ga,-0.72,8.78,80.6,94.0,90.0,6.93,1521039600.0
chandil,in,22.96,86.05,73.75,37.0,0.0,4.97,1521043452.0
nieuw nickerie,sr,5.94,-56.99,81.58,89.0,88.0,13.47,1521043453.0
senno,by,57.76,27.95,32.0,92.0,36.0,8.95,1521039600.0
takoradi,gh,4.89,-1.75,85.0,91.0,0.0,10.78,1521043454.0
turan,ru,52.15,93.92,-0.59,58.0,24.0,2.06,1521043455.0
progreso,mx,-34.68,-56.22,78.8,34.0,0.0,16.11,1521039600.0
bitam,ga,2.08,11.49,80.6,65.0,40.0,3.4,1521039600.0
coahuayana,mx,18.62,-100.35,74.65,30.0,0.0,2.73,1521043458.0
georgetown,us,6.8,-58.16,86.0,58.0,75.0,11.41,1521039600.0
belyy yar,ru,53.6,91.39,1.4,70.0,12.0,6.71,1521041400.0
berlin,us,52.52,13.39,41.0,99.0,75.0,8.05,1521040800.0
bitung,id,1.44,125.19,77.0,94.0,40.0,1.12,1521041400.0
kalevala,ru,64.12,29.58,18.94,72.0,80.0,11.9,1521043463.0
artesia,us,32.84,-104.4,48.2,36.0,1.0,12.75,1521041700.0
sisimiut,gl,66.94,-53.67,12.1,90.0,76.0,1.95,1521043464.0
diffa,ne,13.32,12.61,101.38,11.0,0.0,10.67,1521043465.0
moron,mn,10.49,-68.2,84.2,48.0,0.0,4.7,1521039600.0
kavieng,pg,-2.57,150.8,84.01,100.0,80.0,8.21,1521043282.0
middle island,kn,40.88,-72.94,37.4,59.0,1.0,10.29,1521041700.0
maine-soroa,ne,13.21,12.02,102.1,10.0,0.0,10.22,1521043471.0
pelym,ru,61.01,62.0,28.57,79.0,80.0,6.2,1521043472.0
alice town,bs,25.72,-79.3,69.7,100.0,80.0,6.87,1521043472.0
mapiripan,co,2.89,-72.13,96.16,40.0,0.0,7.65,1521043474.0
peniche,pt,39.36,-9.38,57.2,93.0,20.0,16.11,1521041400.0
washim,in,20.1,77.14,82.75,32.0,36.0,6.98,1521043475.0
makhachkala,ru,42.98,47.5,39.2,93.0,90.0,22.37,1521041400.0
havre-saint-pierre,ca,50.23,-63.6,32.0,92.0,90.0,32.21,1521040500.0
suba,ph,28.73,103.51,50.8,87.0,0.0,1.05,1521043477.0
bubaque,gw,11.28,-15.83,93.2,30.0,0.0,11.41,1521039600.0
kangaatsiaq,gl,68.31,-53.46,12.82,100.0,68.0,9.66,1521043479.0
kalmunai,lk,7.42,81.82,77.98,94.0,80.0,3.51,1521043480.0
isla vista,us,34.41,-119.86,55.4,100.0,90.0,3.36,1521042000.0
gagnoa,ci,6.13,-5.95,82.39,100.0,8.0,4.52,1521043481.0
shangzhi,cn,45.21,127.96,29.38,96.0,92.0,8.43,1521043481.0
rheden,nl,52.0,6.03,51.8,66.0,40.0,10.29,1521041100.0
khor,qa,47.88,134.96,19.12,82.0,80.0,3.18,1521043482.0
camalu,mx,30.85,-116.07,53.32,94.0,0.0,4.63,1521043474.0
yeniseysk,ru,58.45,92.17,1.66,60.0,36.0,4.18,1521043484.0
gazanjyk,tm,39.24,55.52,39.28,76.0,68.0,11.23,1521043485.0
turukhansk,ru,65.8,87.96,10.03,74.0,80.0,17.38,1521043486.0
manado,id,1.49,124.85,77.0,94.0,40.0,1.12,1521041400.0
haines junction,ca,60.75,-137.51,23.35,86.0,48.0,2.06,1521043486.0
severo-yeniseyskiy,ru,60.37,93.04,8.77,63.0,68.0,6.08,1521043487.0
libenge,cd,3.65,18.64,85.18,71.0,24.0,1.5,1521043487.0
san jeronimo,mx,-13.65,-73.37,50.0,71.0,90.0,2.39,1521039600.0
talaya,ru,55.79,84.89,-8.69,33.0,0.0,2.84,1521043488.0
umm kaddadah,sd,13.6,26.69,91.57,9.0,0.0,9.55,1521043489.0
kavaratti,in,10.57,72.64,79.15,100.0,88.0,8.99,1521043490.0
ordu,tr,40.98,37.88,51.7,58.0,48.0,0.27,1521043490.0
makakilo city,us,21.35,-158.09,73.4,88.0,90.0,10.29,1521041340.0
kieta,pg,-6.22,155.63,75.46,100.0,92.0,1.61,1521043491.0
daoukro,ci,7.06,-3.97,92.92,56.0,8.0,4.07,1521043492.0
ucluelet,ca,48.94,-125.55,41.0,86.0,40.0,1.83,1521039600.0
vanimo,pg,-2.67,141.3,82.39,100.0,88.0,13.8,1521043493.0
simbahan,ph,6.3,120.58,82.66,99.0,0.0,10.33,1521043494.0
sobolevo,ru,54.43,31.9,35.05,96.0,92.0,9.33,1521043494.0
lake city,us,38.03,-107.32,39.2,55.0,40.0,4.7,1521041700.0
cascais,pt,38.7,-9.42,57.2,93.0,20.0,16.11,1521041400.0
bhasawar,in,27.03,77.03,76.72,23.0,0.0,8.66,1521043496.0
tieli,cn,46.98,128.05,24.16,83.0,80.0,11.01,1521043497.0
matay,eg,28.42,30.79,84.28,29.0,0.0,4.63,1521043498.0
frontera,mx,18.53,-92.64,73.03,98.0,92.0,16.37,1521043498.0
maniitsoq,gl,65.42,-52.9,19.75,97.0,80.0,5.19,1521043499.0
beidao,cn,34.57,105.89,44.59,58.0,0.0,3.96,1521043500.0
mana,gf,43.52,20.24,51.8,76.0,75.0,5.82,1521041400.0
nyurba,ru,63.29,118.35,-9.05,66.0,36.0,2.95,1521043501.0
barahona,do,18.21,-71.1,82.4,74.0,20.0,14.99,1521039600.0
washougal,us,45.58,-122.35,46.4,87.0,90.0,3.36,1521042780.0
severomuysk,ru,56.17,113.57,-15.35,39.0,24.0,2.17,1521043505.0
hayesville,us,35.05,-83.82,35.6,37.0,1.0,10.29,1521041700.0
laguna de perlas,ni,12.34,-83.67,80.6,83.0,40.0,6.93,1521039600.0
braganca,pt,-1.05,-46.77,80.5,95.0,80.0,4.97,1521043507.0
marienburg,sr,52.12,9.98,42.8,56.0,75.0,3.36,1521040800.0
waddan,ly,29.16,16.14,80.05,19.0,92.0,10.22,1521043508.0
okoneshnikovo,ru,54.84,75.08,-3.83,65.0,0.0,3.51,1521043509.0
nioro,ml,13.79,-15.05,99.76,26.0,0.0,11.9,1521043509.0
dukat,ru,42.44,22.31,45.58,75.0,8.0,2.39,1521043510.0
mulege,mx,26.88,-111.98,63.58,63.0,44.0,3.74,1521043511.0
buchanan,lr,5.88,-10.05,89.6,55.0,20.0,14.99,1521041400.0
ixtapa,mx,20.71,-105.21,68.0,100.0,5.0,5.82,1521039060.0
salym,ru,60.06,71.48,18.76,74.0,88.0,9.66,1521043513.0
yelovo,ru,57.05,54.92,21.46,82.0,48.0,11.68,1521043513.0
chisec,gt,15.81,-90.29,66.82,100.0,92.0,2.28,1521043514.0
paradise valley,us,53.03,-110.3,15.8,92.0,75.0,10.29,1521039600.0
clarence town,bs,-32.59,151.78,69.8,77.0,0.0,5.82,1521041400.0
lagos,ng,6.46,3.39,93.2,56.0,20.0,12.75,1521039600.0
bilibino,ru,68.06,166.44,-41.09,0.0,0.0,2.17,1521043429.0
la baneza,es,42.3,-5.9,44.6,93.0,75.0,20.8,1521039600.0
qazvin,ir,36.28,50.01,57.2,54.0,90.0,2.24,1521039600.0
faanui,pf,-16.48,-151.75,82.21,100.0,56.0,5.19,1521043521.0
alamos,mx,-36.9,-62.36,77.71,24.0,0.0,9.33,1521043522.0
nnewi,ng,6.02,6.92,95.89,48.0,0.0,4.52,1521043522.0
tazmalt,dz,36.39,4.4,68.0,72.0,75.0,8.05,1521039600.0
coria,es,39.98,-6.54,50.98,100.0,92.0,16.49,1521043504.0
warren,us,42.48,-83.03,30.2,63.0,90.0,14.99,1521041760.0
kaunas,lt,54.9,23.9,35.6,80.0,90.0,4.7,1521040800.0
texarkana,us,33.44,-94.04,48.2,45.0,1.0,3.36,1521039180.0
saint anthony,ca,43.97,-111.68,44.6,56.0,20.0,10.29,1521039360.0
tymovskoye,ru,50.85,142.66,3.01,64.0,68.0,2.17,1521043526.0
canchungo,gw,12.07,-16.03,102.2,30.0,0.0,11.41,1521039600.0
triel-sur-seine,fr,48.98,2.01,57.2,50.0,0.0,19.46,1521041400.0
santa rita,ve,10.21,-67.56,84.2,48.0,0.0,4.7,1521039600.0
shilka,ru,51.85,116.03,0.22,60.0,0.0,3.51,1521043532.0
carlsbad,us,50.23,12.87,41.0,86.0,75.0,2.24,1521041400.0
fort abbas,pk,29.19,72.85,74.11,53.0,24.0,6.98,1521043535.0
mandera,ke,3.94,41.86,85.0,66.0,12.0,6.31,1521043536.0
kizhinga,ru,51.85,109.91,3.1,51.0,0.0,4.52,1521043536.0
tayoltita,mx,24.11,-105.93,68.53,52.0,8.0,1.72,1521043537.0
castanheira de pera,pt,40.0,-8.21,53.6,93.0,75.0,10.29,1521039600.0
san policarpo,ph,12.18,125.51,77.44,100.0,92.0,10.78,1521043539.0
jacmel,ht,18.24,-72.54,86.0,55.0,20.0,16.11,1521039600.0
sontra,de,51.07,9.94,46.4,95.0,40.0,5.82,1521040800.0
matamoros,mx,25.87,-97.51,71.6,43.0,20.0,11.41,1521042780.0
port hueneme,us,34.15,-119.2,55.4,76.0,40.0,6.87,1521040320.0
kragujevac,rs,44.01,20.91,51.8,76.0,75.0,5.82,1521041400.0
linfen,cn,36.09,111.52,49.18,71.0,0.0,2.62,1521043542.0
ous,ru,60.91,61.52,28.57,79.0,80.0,6.2,1521043543.0
praia,cv,-20.25,-43.81,89.6,52.0,40.0,6.93,1521039600.0
sawakin,sd,19.1,37.33,79.78,62.0,0.0,7.65,1521043544.0
bosaso,so,11.28,49.18,76.45,100.0,0.0,10.33,1521043545.0
halmeu,ro,47.98,23.0,51.8,62.0,40.0,8.05,1521041400.0
kapit,my,2.02,112.94,75.55,94.0,48.0,1.95,1521043335.0
manavalakurichi,in,8.13,77.3,82.4,78.0,40.0,8.05,1521041400.0
shahrud,ir,36.42,54.97,41.98,75.0,0.0,2.28,1521043548.0
valleyview,ca,55.07,-117.28,9.13,59.0,0.0,6.08,1521043286.0
ahlat,tr,38.75,42.49,43.69,65.0,64.0,7.99,1521043549.0
farah,af,32.37,62.11,59.8,33.0,0.0,5.64,1521043549.0
bara,sd,10.41,10.6,102.1,13.0,0.0,10.22,1521043550.0
igrim,ru,63.19,64.42,19.93,79.0,48.0,3.74,1521043550.0
yilan,cn,24.75,121.75,73.4,78.0,40.0,10.29,1521039600.0
lesogorsk,ru,56.05,99.51,8.05,72.0,0.0,6.08,1521043552.0
kluczbork,pl,50.97,18.21,43.51,73.0,80.0,11.68,1521043553.0
balezino,ru,57.97,53.01,24.79,81.0,48.0,18.5,1521043553.0
zykovo,ru,55.24,40.35,24.97,81.0,76.0,16.93,1521043554.0
dergachi,ru,51.24,48.77,11.38,71.0,0.0,10.11,1521043554.0
dumbraveni,ro,46.23,24.57,55.4,50.0,40.0,6.93,1521041400.0
impfondo,cg,1.62,18.06,89.77,56.0,12.0,2.73,1521043555.0
clarksburg,us,39.28,-80.34,28.4,58.0,90.0,13.87,1521042960.0
utica,us,43.1,-75.23,30.2,92.0,90.0,13.87,1521041340.0
hami,cn,42.84,93.51,52.15,55.0,56.0,8.1,1521043558.0
mason city,us,43.15,-93.2,37.4,69.0,1.0,12.75,1521041700.0
kulu,in,3.47,23.69,73.39,100.0,20.0,3.18,1521043559.0
marsh harbour,bs,26.54,-77.06,68.26,100.0,24.0,10.33,1521043436.0
vyshestebliyevskaya,ru,45.2,37.0,50.0,87.0,0.0,15.66,1521041400.0
saint andrews,ca,-44.53,171.19,57.82,74.0,48.0,7.09,1521043560.0
sorrento,it,-31.82,115.75,73.4,88.0,75.0,6.93,1521041400.0
half moon bay,us,37.46,-122.43,51.8,81.0,90.0,5.82,1521041700.0
ajdabiya,ly,30.75,20.22,81.58,20.0,92.0,4.97,1521043563.0
dapdap,ph,14.05,121.57,77.44,100.0,44.0,11.45,1521043564.0
san juan,us,18.47,-66.12,84.2,62.0,40.0,14.99,1521039360.0
pidhorodna,ua,48.11,30.89,40.9,99.0,92.0,6.87,1521043570.0
sibolga,id,1.74,98.78,71.95,100.0,64.0,1.16,1521043434.0
boshnyakovo,ru,49.65,142.17,10.48,79.0,88.0,4.29,1521043570.0
uruzgan,af,32.93,66.63,39.55,33.0,24.0,3.62,1521043571.0
nautla,mx,20.22,-96.78,67.0,100.0,92.0,16.71,1521043572.0
nikolsk,ru,59.53,45.45,25.96,80.0,92.0,13.24,1521043572.0
aykino,ru,62.22,49.99,30.19,92.0,92.0,16.04,1521043573.0
addanki,in,15.81,79.97,80.59,55.0,56.0,7.09,1521043574.0
tiznit,ma,29.7,-9.73,67.45,85.0,0.0,5.75,1521043575.0
teguldet,ru,57.31,88.17,-4.28,53.0,0.0,2.84,1521043575.0
lipari,it,38.47,14.95,59.0,72.0,40.0,5.82,1521039300.0
road town,vg,18.42,-64.62,84.2,94.0,75.0,17.22,1521041520.0
wanning,cn,48.64,13.53,42.8,81.0,40.0,8.05,1521040800.0
galle,lk,29.74,-97.91,60.8,38.0,1.0,3.36,1521042660.0
yarim,ye,14.3,44.38,69.7,20.0,68.0,1.39,1521043578.0
achit,ru,56.8,57.9,20.92,87.0,76.0,17.16,1521043579.0
balabac,ph,7.99,117.06,81.76,100.0,0.0,15.82,1521043580.0
saint-louis,sn,47.59,7.56,57.2,41.0,75.0,8.05,1521041400.0
birao,cf,10.3,22.78,98.86,12.0,0.0,8.88,1521043581.0
san cristobal,ec,-0.39,-78.55,62.6,59.0,75.0,13.87,1521039600.0
obeliai,lt,55.94,25.8,35.95,83.0,80.0,13.69,1521043582.0
kidal,ml,18.44,1.41,98.95,19.0,8.0,6.64,1521043582.0
port harcourt,ng,4.77,7.02,93.2,56.0,40.0,3.36,1521039600.0
vanderhoof,ca,54.02,-124.02,26.86,79.0,88.0,1.5,1521043583.0
awbari,ly,26.59,12.77,90.49,12.0,0.0,13.24,1521043584.0
sturgis,us,44.41,-103.51,48.2,45.0,0.0,3.4,1521042900.0
luoyang,cn,34.66,112.42,52.51,81.0,0.0,2.17,1521043585.0
tuy hoa,vn,13.08,109.3,73.93,95.0,92.0,3.85,1521043585.0
hirara,jp,24.8,125.28,72.58,98.0,68.0,17.27,1521043586.0
mandan,us,46.83,-100.89,23.0,92.0,1.0,5.08,1521039120.0
middlebury,us,44.01,-73.17,33.8,86.0,90.0,14.99,1521042960.0
dakar,sn,14.69,-17.45,80.6,51.0,0.0,11.41,1521039600.0
flin flon,ca,54.77,-101.88,12.2,72.0,20.0,8.05,1521039600.0
mecca,sa,21.43,39.83,93.2,34.0,0.0,4.7,1521039600.0
namie,jp,37.52,140.86,46.39,90.0,0.0,2.73,1521043589.0
lapy,pl,52.99,22.88,46.66,96.0,80.0,9.22,1521043590.0
ivanovo,ru,57.0,40.97,26.14,90.0,68.0,18.84,1521043590.0
barcelos,br,41.53,-8.62,59.0,72.0,75.0,12.75,1521041400.0
solnechnyy,ru,50.72,136.64,13.81,57.0,48.0,5.75,1521043592.0
clearwater,us,27.97,-82.8,62.6,38.0,90.0,9.17,1521041700.0
vicksburg,us,32.35,-90.88,53.6,27.0,1.0,5.82,1521041700.0
rorvik,no,64.86,11.24,28.4,68.0,40.0,8.05,1521040800.0
watrous,ca,51.67,-105.46,15.16,61.0,0.0,10.0,1521043594.0
araouane,ml,18.9,-3.53,101.02,14.0,12.0,9.1,1521043595.0
villacarrillo,es,38.12,-3.08,53.5,86.0,68.0,16.04,1521043365.0
salalah,om,17.01,54.1,78.8,78.0,0.0,6.93,1521039000.0
tha mai,th,12.62,102.01,79.6,91.0,24.0,6.2,1521043597.0
viseu,br,40.66,-7.91,59.0,82.0,75.0,11.41,1521039600.0
nalut,ly,31.86,10.98,73.48,35.0,0.0,5.97,1521043598.0
faya,td,18.39,42.45,71.6,40.0,20.0,8.05,1521039600.0
jiangyou,cn,31.78,104.73,55.66,84.0,0.0,3.96,1521043600.0
purpe,ru,64.48,76.69,14.98,87.0,92.0,17.05,1521043600.0
boguchany,ru,58.38,97.46,2.83,65.0,24.0,3.74,1521043601.0
egvekinot,ru,66.32,-179.17,-22.64,63.0,24.0,2.39,1521043601.0
valer,no,41.76,-6.18,46.12,100.0,92.0,24.2,1521043602.0
bugasong,ph,11.04,122.06,80.86,95.0,0.0,11.68,1521043602.0
cody,us,44.53,-109.06,44.6,39.0,1.0,6.93,1521042960.0
kaihua,cn,29.14,118.41,55.84,86.0,88.0,2.95,1521043603.0
north augusta,us,44.76,-75.74,33.8,80.0,90.0,9.17,1521041700.0
distraccion,co,10.9,-72.89,83.38,60.0,0.0,2.28,1521043604.0
marzuq,ly,14.4,46.47,77.89,22.0,8.0,3.96,1521043605.0
jasper,ca,33.83,-87.28,44.6,39.0,0.0,11.41,1521041700.0
poronaysk,ru,49.22,143.1,7.96,73.0,80.0,2.62,1521043606.0
balakhta,ru,55.38,91.62,-4.01,51.0,0.0,3.18,1521043608.0
north bend,us,43.41,-124.22,41.0,100.0,40.0,10.29,1521042120.0
moissala,td,8.34,17.77,101.38,25.0,32.0,4.41,1521043609.0
mithi,pk,24.74,69.8,84.73,25.0,0.0,13.69,1521043610.0
oloron-sainte-marie,fr,43.19,-0.61,62.6,48.0,92.0,4.7,1521041400.0
borogontsy,ru,62.67,131.17,-9.77,68.0,44.0,4.41,1521043612.0
adiake,ci,5.29,-3.3,87.8,70.0,40.0,12.75,1521041400.0
sofiyivka,ua,48.05,33.87,33.8,100.0,90.0,6.71,1521043200.0
grakhovo,ru,56.05,51.96,19.4,62.0,90.0,17.9,1521041400.0
seaham,gb,54.84,-1.34,51.8,81.0,75.0,10.29,1521040800.0
atasu,kz,48.68,71.64,15.43,67.0,48.0,2.73,1521043615.0
cukai,my,4.25,103.42,77.0,100.0,20.0,2.95,1521039600.0
verkhoyansk,ru,67.55,133.39,-32.36,0.0,24.0,2.39,1521043616.0
dali,cn,25.6,100.24,43.6,100.0,0.0,1.83,1521043617.0
surt,ly,31.21,16.59,67.18,74.0,48.0,13.8,1521043617.0
ranong,th,9.96,98.62,83.92,98.0,56.0,4.52,1521043618.0
gouyave,gd,12.16,-61.73,79.69,100.0,64.0,19.28,1521043619.0
topolobampo,mx,25.6,-109.05,64.4,77.0,75.0,5.82,1521038400.0
san jose,gt,15.79,120.99,70.24,96.0,64.0,2.39,1521043623.0
suhbaatar,mn,50.23,106.21,2.02,55.0,0.0,6.64,1521043624.0
atbasar,kz,51.81,68.36,10.93,70.0,0.0,5.75,1521043624.0
marfino,ru,56.07,37.56,30.2,63.0,40.0,11.18,1521041400.0
staryy krym,ua,45.03,35.1,50.08,85.0,32.0,16.26,1521043626.0
shache,cn,38.42,77.24,47.38,53.0,20.0,5.19,1521043570.0
korhogo,ci,9.46,-5.63,94.99,54.0,0.0,6.76,1521043628.0
eureka,us,40.8,-124.16,44.6,93.0,90.0,3.36,1521041700.0
sosnovo-ozerskoye,ru,52.53,111.54,-8.06,57.0,0.0,6.2,1521043630.0
heze,cn,35.25,115.45,60.43,85.0,0.0,11.12,1521043630.0
dengzhou,cn,32.69,112.08,59.35,86.0,12.0,6.76,1521043631.0
tongren,cn,27.72,109.18,56.65,92.0,20.0,2.62,1521043632.0
dillon,us,45.22,-112.64,26.6,100.0,40.0,6.87,1521039180.0
sovetskiy,ru,56.76,48.47,22.18,83.0,20.0,17.6,1521043633.0
paharpur,pk,32.1,70.97,60.52,90.0,80.0,5.64,1521043392.0
ingraj bazar,in,25.0,88.15,75.55,61.0,0.0,5.75,1521043635.0
bonavista,ca,48.65,-53.11,32.98,90.0,92.0,28.9,1521043635.0
totma,ru,59.98,42.76,28.48,93.0,92.0,19.73,1521043636.0
una,in,-15.29,-39.07,87.8,74.0,20.0,8.05,1521039600.0
whitehorse,ca,60.72,-135.06,33.8,64.0,75.0,9.17,1521039600.0
toyooka,jp,35.55,134.82,41.8,86.0,0.0,3.96,1521043512.0
katsuura,jp,33.93,134.5,46.12,83.0,0.0,2.39,1521043639.0
cravo norte,co,6.3,-70.2,95.98,36.0,0.0,13.24,1521043639.0
zavyalovo,ru,54.51,82.45,1.4,64.0,0.0,4.47,1521041400.0
mattru,sl,7.62,-11.83,93.46,54.0,56.0,5.08,1521043643.0
high level,ca,58.52,-117.13,19.4,92.0,40.0,6.31,1521039600.0
marawi,sd,8.0,124.29,67.54,100.0,32.0,2.39,1521043644.0
yatou,cn,3.63,9.81,89.6,70.0,40.0,5.82,1521039600.0
chulym,ru,55.09,80.97,-9.5,34.0,0.0,2.95,1521043646.0
dongning,cn,44.06,131.12,34.51,91.0,48.0,5.41,1521043647.0
shawnee,us,35.33,-96.93,51.8,25.0,1.0,8.05,1521041700.0
indija,rs,55.45,22.23,37.93,78.0,80.0,12.8,1521043648.0
kloulklubed,pw,7.04,134.26,78.8,88.0,90.0,8.55,1521042840.0
shirokiy,ru,53.87,39.17,21.82,88.0,48.0,13.8,1521043649.0
trojes,hn,41.76,19.96,59.0,62.0,40.0,4.7,1521040800.0
koraput,in,18.81,82.72,78.16,42.0,64.0,3.29,1521043652.0
hare bay,ca,48.86,-53.99,32.0,95.0,90.0,27.51,1521041280.0
san vicente,ph,13.64,-88.78,89.6,54.0,0.0,11.41,1521039000.0
jalu,ly,29.03,21.55,85.45,17.0,32.0,12.46,1521043439.0
basco,ph,40.33,-91.2,35.6,59.0,1.0,11.41,1521041700.0
athens,us,34.8,-86.97,39.2,41.0,1.0,16.11,1521041700.0
arkadelphia,us,34.12,-93.05,51.8,29.0,1.0,5.82,1521041700.0
yanggu,cn,25.39,116.32,63.85,79.0,92.0,3.29,1521043661.0
hearst,ca,49.69,-83.67,17.32,72.0,68.0,4.18,1521043630.0
berkak,no,62.83,10.01,29.47,62.0,24.0,3.18,1521043662.0
pangody,ru,65.85,74.49,15.25,85.0,88.0,7.99,1521043662.0
inirida,co,3.87,-67.92,94.45,43.0,56.0,2.17,1521043663.0
bedford,ca,52.14,-0.47,53.6,58.0,20.0,20.8,1521040800.0
culebra,us,34.68,-105.77,44.6,52.0,1.0,5.41,1521041700.0
boende,cd,-0.28,20.88,91.39,53.0,24.0,3.06,1521043665.0
camacha,pt,33.08,-16.33,69.8,72.0,20.0,20.8,1521041400.0
batagay,ru,67.65,134.64,-31.64,0.0,20.0,2.95,1521043667.0
mikhaylovskoye,ru,43.1,44.64,35.59,99.0,20.0,2.39,1521043667.0
halmstad,se,56.67,12.86,35.6,69.0,75.0,4.7,1521040800.0
udachnyy,ru,66.42,112.4,-18.77,26.0,20.0,2.28,1521043438.0
mugur-aksy,ru,50.38,90.44,-1.04,60.0,12.0,1.95,1521043669.0
narbonne,fr,43.18,3.0,57.2,76.0,90.0,13.87,1521041400.0
narasannapeta,in,18.42,84.04,79.96,62.0,0.0,6.42,1521043670.0
kayes,ml,14.44,-11.44,106.51,16.0,0.0,10.22,1521043672.0
kazerun,ir,29.62,51.65,64.3,37.0,0.0,4.18,1521043673.0
batticaloa,lk,7.71,81.69,80.23,100.0,12.0,5.75,1521043674.0
agnibilekrou,ci,7.13,-3.2,91.39,67.0,8.0,4.41,1521043675.0
partizanskoye,ru,44.83,34.08,51.52,71.0,8.0,12.91,1521043675.0
